Long,Lat,Mag_nT,Easting,Northing,Heading,Dir
-116.59837141121798,36.76872715373015,-1.6370904631912708e-11,535843.3549063087,4069292.2212533015,178.28992732832478,NS
-116.59837203988124,36.76874686735584,-0.22001732978424116,535843.2896250496,4069294.4078445407,178.2613105133179,NS
-116.59837268098978,36.76876658708085,0.06002064943277219,535843.223230294,4069296.595107723,178.23572710121277,NS
-116.59837333053191,36.76878623063008,0.4393628199086379,535843.1561183595,4069298.7739175954,178.22710021937706,NS
-116.5983739863697,36.76880595285965,0.4194232149511663,535843.0884079713,4069300.961453106,178.24903325315654,NS
-116.59837463275736,36.768825673269525,0.1994672867567715,535843.0215418343,4069303.1487903064,178.2892522263824,NS
-116.59837526466976,36.768845479634905,-0.41970334843972523,535842.9559275635,4069305.345667952,178.32942961607952,NS
-116.59837587712488,36.76886521565135,-0.9395157285052846,535842.8920825328,4069307.5347491046,178.3658992890942,NS
-116.59837647185472,36.76888488217726,-1.0599620687589777,535842.8298517681,4069309.716128339,178.4100961482471,NS
-116.59837705027456,36.7689046360278,-0.5796105582867312,535842.7690359692,4069311.907200581,178.45024943839175,NS
-116.5983776119632,36.76892440695392,-0.1991026167106611,535842.7097054258,4069314.1001732885,178.4936339095218,NS
-116.59837815779316,36.7689442783087,-0.4176771873553662,535842.6517434673,4069316.3042924623,178.5389039797748,NS
-116.5983786827936,36.768964100387,-1.236701051291675,535842.5956634028,4069318.5029532174,178.5788788973554,NS
-116.59837919158645,36.76898396110269,-1.655371623013707,535842.5410118214,4069320.7059060843,178.59364645905794,NS
-116.59837969297998,36.76900378094001,-1.6744152199844393,535842.4870396393,4069322.904327105,178.57764778528687,NS
-116.5983802039906,36.769023707427166,-1.7924853097811138,535842.4321595555,4069325.114575165,178.52869569171526,NS
-116.598380736616,36.76904365053191,-1.710404332532562,535842.3753427466,4069327.3266585236,178.43871605010932,NS
-116.59838131087528,36.76906368731813,-1.0274692468610738,535842.3147667322,4069329.5491183596,178.3361900720122,NS
-116.59838192703968,36.76908363711672,-0.3453297228352312,535842.2504914062,4069331.761912997,178.23111652101488,NS
-116.59838258844012,36.76910357878917,0.036734209052156075,535842.1821827983,4069333.9737892738,178.14362527062755,NS
-116.59838328430864,36.76912342319241,-0.08209107100447,535842.1108433853,4069336.174862604,178.08202587111995,NS
-116.59838400873892,36.76914332310087,-0.8004104211959202,535842.0369291715,4069338.382082425,178.0455300493295,NS
-116.59838474809852,36.76916320041414,-0.9189365439760877,535841.9616931375,4069340.5867901873,177.99660491614932,NS
-116.59838551124612,36.76918314753427,-0.7368260038729204,535841.8843016832,4069342.7992327022,177.9288482702508,NS
-116.59838630052634,36.769203013675735,-1.0554556721999688,535841.8046157493,4069345.0026825,177.8381691338357,NS
-116.59838712935804,36.76922289009181,-1.473992743080089,535841.7213952971,4069347.2072572545,177.75883565200485,NS
-116.59838798913752,36.76924269047702,-1.5932249932902778,535841.6354483386,4069349.403386346,177.69194103854696,NS
-116.59838888179468,36.76926258236664,-1.1116227435577457,535841.5465246624,4069351.6096536927,177.6563139294476,NS
-116.5983897903752,36.76928248582601,-0.7299153423755342,535841.4561745588,4069353.817198513,177.68738477968355,NS
-116.5983906893742,36.769302474931806,-0.7474256210425665,535841.3666397312,4069356.034247663,177.7724773626276,NS
-116.59839154855044,36.76932239733284,-0.9655437424607953,535841.2806899605,4069358.243912192,177.88456428045617,NS
-116.59839235646648,36.76934225186741,-0.8842799613648822,535841.1993465171,4069360.4460675176,178.0066710085719,NS
-116.5983931152585,36.769362199017785,-0.8021690050172765,535841.1223440561,4069362.658515089,178.14673691608527,NS
-116.59839381345816,36.76938214820535,-0.8200375790711405,535841.0507482245,4069364.8712113444,178.26183239648668,NS
-116.59839446215167,36.769402107898,-0.8378087064065767,535840.9835656908,4069367.0850914693,178.35554991112755,NS
-116.598395072422,36.76942213924804,-1.3549243561592448,535840.9197788939,4069369.3069349257,178.41265696239208,NS
-116.59839565510308,36.769442076211504,-2.172900984181979,535840.8584982445,4069371.5183184436,178.40380783220127,NS
-116.59839624119093,36.76946199879538,-2.4910090143694106,535840.7969202761,4069373.72810557,178.3251639652371,NS
-116.5983968582374,36.76948182332468,-2.510013319313657,535840.7326250771,4069375.927003945,178.21628382991108,NS
-116.59839752420513,36.76950170943947,-2.5284568040897284,535840.6639352847,4069378.1327156685,178.11045506258185,NS
-116.59839823527042,36.76952157895189,-2.347053271581899,535840.5912285348,4069380.3365688194,178.03297059935946,NS
-116.59839898205898,36.769541509688246,-2.5650918134651874,535840.5153052113,4069382.5472001527,178.0262486509705,NS
-116.59839972791087,36.769561338176,-3.1840639417878265,535840.4395131,4069384.746489438,178.06257935866932,NS
-116.59840045755892,36.76958115140192,-3.6031749236808537,535840.3651742267,4069386.944091806,178.11455058220417,NS
-116.59840116144704,36.76960086931936,-3.423155357939322,535840.2931786723,4069389.1311312853,178.17329316476196,NS
-116.59840184218174,36.769620645172175,-3.4426060789646726,535840.223222494,4069391.3246061965,178.21784565188216,NS
-116.59840250352828,36.76964041324644,-4.1621272265492735,535840.1550002492,4069393.517225503,178.24829234102967,NS
-116.59840315435704,36.76966025902873,-4.880938509357293,535840.0876805134,4069395.718468885,178.26097243250362,NS
-116.59840379755296,36.769680038078086,-5.100358884339585,535840.0210730516,4069397.912312467,178.24733120829578,NS
-116.59840444779108,36.76969985322481,-5.61944987643983,535839.9538203372,4069400.110157689,178.21667007830663,NS
-116.59840511008542,36.76971963450509,-6.438850468623059,535839.8855074606,4069402.3042416107,178.17665684136026,NS
-116.59840579427586,36.76973955295395,-6.856999269899461,535839.8151766695,4069404.5135334134,178.12449128926758,NS
-116.59840650332217,36.76975953611782,-7.57455793385634,535839.7425975384,4069406.7299947347,178.07115057369288,NS
-116.59840724118294,36.7697796740395,-8.39070441558033,535839.6673748831,4069408.963612515,178.06452519931176,NS
-116.59840798096604,36.76979978545481,-8.90709298144975,535839.5919930382,4069411.1942892396,178.10404202010062,NS
-116.59840870491928,36.769819936558015,-9.723118674652142,535839.5180054755,4069413.429374467,178.16338040529092,NS
-116.59840940082672,36.76984002747852,-9.739693021861967,535839.4465488747,4069415.6577941533,178.22457915473584,NS
-116.59841007229936,36.769860186212064,-9.855647424878043,535839.3772414024,4069417.8937454782,178.27137680397107,NS
-116.59841072216828,36.76988031014661,-10.871918905695566,535839.3098781588,4069420.1258446574,178.31193263456865,NS
-116.598411354961,36.76990045447951,-12.088003605278573,535839.2440293989,4069422.360213022,178.33946768365107,NS
-116.5984119707664,36.769920438283485,-12.905553545593648,535839.1797713935,4069424.5767803267,178.34568850133226,NS
-116.59841257819524,36.76994023700821,-13.824793157278691,535839.116347114,4069426.772819984,178.33657964601483,NS
-116.5984131889805,36.769960017640784,-15.14419806847036,535839.0526317352,4069428.9668514347,178.32454318077012,NS
-116.59841380248528,36.76997971962144,-15.96432122139413,535838.9887102877,4069431.1521570394,178.31672817233104,NS
-116.59841442020397,36.76999944942886,-16.784190421685707,535838.9243998472,4069433.340547888,178.31926352054793,NS
-116.59841503397864,36.770019087779474,-18.304894577808227,535838.8604839741,4069435.5187949436,178.3184725475199,NS
-116.59841564917032,36.770038760651055,-19.925283571408727,535838.7964256014,4069437.7008708767,178.2970188781204,NS
-116.59841627562184,36.7700584996133,-21.445069447721835,535838.731331617,4069439.8902740204,178.2381836924939,NS
-116.59841692752252,36.770078245757325,-23.264790532042753,535838.6639631363,4069442.080464316,178.11983670697947,NS
-116.59841763697143,36.7700981833346,-24.78276544171422,535838.591369754,4069444.29186871,178.01057173665615,NS
-116.5984183964466,36.770118192674055,-26.10008664320958,535838.5142784679,4069446.5112149385,177.94979901646673,NS
-116.59841918752645,36.77013833436069,-27.416200376430425,535838.4343050923,4069448.7452305774,177.96289348619655,NS
-116.59841997059009,36.77015841733861,-29.032849922174137,535838.3550744713,4069450.9727366837,178.06138845613455,NS
-116.59842070991355,36.77017847894776,-31.249693234001825,535838.2797573642,4069453.197888746,178.18991913198917,NS
-116.59842138948945,36.770198430091206,-33.66754334930192,535838.209823798,4069455.4108092543,178.31918755250933,NS
-116.59842201403664,36.77021841197031,-35.78511112526212,535838.1447869184,4069457.627159875,178.42620015999142,NS
-116.59842259068832,36.77023834272464,-38.30314423689015,535838.0840482329,4069459.8378571793,178.5013752455548,NS
-116.5984231356494,36.7702583038982,-41.12089861793538,535838.0261235941,4069462.0519407536,178.52228017807494,NS
-116.5984236688831,36.77027816560067,-43.83956089215826,535837.9692918671,4069464.2549944255,178.4980990838561,NS
-116.59842421246783,36.7702980246176,-46.758248005973655,535837.9115376472,4069466.4577463237,178.46060342290738,NS
-116.59842477045582,36.77031782121616,-49.877505495731384,535837.8525271023,4069468.653568782,178.44434039927268,NS
-116.59842533867872,36.77033773157076,-52.695724611339756,535837.7925502313,4069470.8620063434,178.47998152173153,NS
-116.5984258948572,36.770357762873736,-56.1128389939131,535837.7335919787,4069473.083865194,178.55392232512412,NS
-116.5984264179478,36.77037775821893,-59.930280681250224,535837.6776033612,4069475.3017476527,178.63102926106797,NS
-116.59842690863104,36.77039779662137,-63.84732822000842,535837.6244868727,4069477.524418582,178.68047916553158,NS
-116.5984273768358,36.770417793436096,-68.46475479634864,535837.5733958164,4069479.742484622,178.66966729888549,NS
-116.5984278523152,36.77043789944896,-72.88118452481467,535837.5216047383,4069481.9726612666,178.59946356957747,NS
-116.5984283587823,36.77045801950729,-76.79748696069328,535837.4670416934,4069484.204384376,178.49269262591864,NS
-116.59842891408653,36.770478219998814,-80.91305647778245,535837.4080828421,4069486.445011641,178.38775375287275,NS
-116.59842951261444,36.77049832678853,-85.82948290348759,535837.3453101917,4069488.6752284104,178.3387518134622,NS
-116.5984301313083,36.77051839394323,-91.24627185116151,535837.2807563352,4069490.901040937,178.3196121954569,NS
-116.59843075704464,36.77053841964136,-96.46343954898657,535837.2155933047,4069493.122252066,178.29320183891963,NS
-116.598431392816,36.770558399879306,-101.78102264520021,535837.1495558969,4069495.338416562,178.22275907512523,NS
-116.59843205758902,36.77057833352512,-107.49903206043564,535837.0809519938,4069497.5494017517,178.1440673306141,NS
-116.59843275464648,36.77059821662774,-113.71750397202595,535837.0094904716,4069499.7547681197,178.08534401531574,NS
-116.59843347585578,36.77061806670518,-119.63627817539418,535836.9358889568,4069501.9564619763,178.05879528327108,NS
-116.59843420779612,36.77063789748792,-125.65522888574378,535836.8613387828,4069504.1560114664,178.0852065928102,NS
-116.59843492810036,36.77065772100912,-131.6742455408912,535836.7878304558,4069506.3547598007,178.15815640889116,NS
-116.5984356175554,36.77067756032898,-137.89311698952406,535836.7170678895,4069508.5552722337,178.26473191093308,NS
-116.59843626189787,36.77069742404284,-144.51176430926898,535836.6503199823,4069510.758507586,178.3943238900722,NS
-116.5984368512476,36.77071731771032,-151.73013643151535,535836.5884658885,4069512.965086285,178.54646917998238,NS
-116.59843737558003,36.770737237182765,-158.34827092831438,535836.5324021524,4069515.174551871,178.66005749993565,NS
-116.59843785168982,36.77075719369543,-164.96606572963537,535836.4806247341,4069517.388144384,178.74718650667506,NS
-116.59843829057256,36.77077717332806,-171.78364827811492,535836.4321588312,4069519.6043155342,178.82454360964454,NS
-116.59843869634972,36.7707971743702,-178.70103431875214,535836.3866374206,4069521.822874039,178.9071718441499,NS
-116.59843906655308,36.770817191000695,-185.31827692739353,535836.3442834846,4069524.043175084,178.97115089123244,NS
-116.59843940927291,36.770837225465286,-191.9353558481689,535836.3043739739,4069526.265464757,179.01672982053609,NS
-116.59843973222556,36.7708572628215,-199.15240775605525,535836.2662272126,4069528.488082607,179.0298003977605,NS
-116.59844004937814,36.77087729276289,-206.3695271881461,535836.228601525,4069530.7098801113,178.984755974602,NS
-116.5984403859604,36.77089731392974,-212.78672733761232,535836.1892459723,4069532.930696989,178.89051632487516,NS
-116.59844076322568,36.770917321380495,-218.60405397966133,535836.146266142,4069535.1499771206,178.7651866081529,NS
-116.59844119487305,36.77093732733392,-224.8213959690347,535836.0984338071,4069537.3690707996,178.6305733435365,NS
-116.5984416852112,36.77095734330752,-230.83864827390244,535836.0453590916,4069539.5892540463,178.49686442879633,NS
-116.5984422342989,36.77097738345697,-236.555681642707,535835.9870301661,4069541.812097125,178.41530327080577,NS
-116.59844281890126,36.77099742484791,-242.5727047696364,535835.925531258,4069544.035064632,178.37494766636854,NS
-116.59844342092887,36.771017461873605,-247.98976829129424,535835.8624793226,4069546.257541387,178.38397163284523,NS
-116.59844401844953,36.77103747939231,-252.90700978874702,535835.7998387042,4069548.477855932,178.4504838466987,NS
-116.59844458817076,36.77105753565721,-257.3238966433364,535835.7396609732,4069550.7024789974,178.5321169390312,NS
-116.5984451193928,36.77107748069876,-261.64179787410285,535835.6829708003,4069552.914778509,178.6009883525024,NS
-116.59844561991592,36.77109739051567,-265.8600197891519,535835.6290366978,4069555.1231820597,178.63829383099417,NS
-116.5984461015747,36.77111718752655,-269.5792711368358,535835.5768386173,4069557.3190791383,178.63903295961413,NS
-116.59844658408213,36.77113703249544,-272.7980846126684,535835.5245424969,4069559.520295877,178.62686583015815,NS
-116.59844707109808,36.7711568476797,-276.11717018586387,535835.4718579059,4069561.7182069323,178.62467854768067,NS
-116.59844756024812,36.771176711320045,-278.83581337914984,535835.4189603287,4069563.921492417,178.62529588763832,NS
-116.59844804626712,36.77119645854843,-281.05551941504564,535835.3663963721,4069566.111865534,178.6171938369066,NS
-116.5984485345229,36.77121615592269,-283.1756807297879,535835.3136560182,4069568.296707514,178.59687798817663,NS
-116.59844902824608,36.77123572574983,-285.3970068258004,535835.2604871183,4069570.467398685,178.56081435801264,NS
-116.59844953809524,36.7712553266424,-286.81804976454623,535835.205864654,4069572.641529904,178.51553695171236,NS
-116.59845006816934,36.771274963186514,-287.53876779708116,535835.1494206944,4069574.8196083764,178.4621923163305,NS
-116.59845061762708,36.77129448062564,-288.1605739558963,535835.0913023413,4069576.984467313,178.43534004587875,NS
-116.59845117725716,36.771313956172094,-288.58276294346615,535835.032295702,4069579.1446753014,178.4402094159871,NS
-116.5984517316331,36.77133332008907,-288.70597104008084,535834.9738099265,4069581.292502237,178.48071222367633,NS
-116.59845227037796,36.77135273418445,-289.52872048325844,535834.916695774,4069583.4459013073,178.56922696128348,NS
-116.59845277105848,36.77137211861086,-289.8517396554398,535834.8629924043,4069585.596023467,178.6731592585927,NS
-116.59845322976436,36.77139157727928,-289.274079640958,535834.8130004152,4069587.754396997,178.7925368775695,NS
-116.59845363638053,36.77141095596147,-289.0971483627018,535834.7676942743,4069589.903917184,178.9202797173867,NS
-116.59845398928596,36.7714303350571,-289.22021165349906,535834.7271812281,4069592.053503351,179.05049567589714,NS
-116.5984542862132,36.7714496347072,-288.7439986236077,535834.6917007874,4069594.1942976117,179.1214086867059,NS
-116.59845455479991,36.77146903220528,-287.9668912848156,535834.6587039904,4069596.34595674,179.13365425290982,NS
-116.59845481954416,36.77148852625711,-287.28890220927315,535834.6260051783,4069598.508327999,179.0882175561367,NS
-116.59845510268892,36.77150796414863,-286.7114264915963,535834.5916904069,4069600.664462526,178.96541508816702,NS
-116.59845543821342,36.77152743600554,-285.5336422546916,535834.5526853534,4069602.8243452213,178.80231218817246,NS
-116.59845584130906,36.771546843063405,-284.4564517698618,535834.5076802701,4069604.977014483,178.61498855683428,NS
-116.59845632579308,36.77156635047295,-283.7783474967018,535834.4553652274,4069607.140785266,178.42446229497838,NS
-116.59845689177,36.77158588627002,-282.79998653224357,535834.3957643878,4069609.307674566,178.2146934038118,NS
-116.59845755100864,36.77160555032459,-281.1204573413652,535834.3277810083,4069611.4887565305,178.058138609985,NS
-116.59845827500598,36.771625157973205,-279.5414451799752,535834.2540447029,4069613.663557156,177.95635685179477,NS
-116.59845904368264,36.77164479991647,-278.06212125555794,535834.1763051914,4069615.842145359,177.92956414238793,NS
-116.59845982198948,36.77166439656901,-276.58321117015475,535834.0977273713,4069618.015705874,178.0027256261424,NS
-116.5984605730754,36.77168409586467,-275.0033630262642,535834.0215310628,4069620.200662766,178.15050974881075,NS
-116.59846126167056,36.7717038158472,-273.6233240673555,535833.9509019585,4069622.387937851,178.35073299787197,NS
-116.59846186670448,36.7717236064122,-271.94263805474657,535833.8876972027,4069624.5830739257,178.59178324143355,NS
-116.59846236531484,36.77174328349304,-270.0629849685156,535833.8340427298,4069626.765661082,178.9126829108975,NS
-116.59846272519376,36.771762868076095,-268.28417218972936,535833.7928119844,4069628.938039429,179.21172146282348,NS
-116.59846295631598,36.771782311255215,-266.90664658016794,535833.7631375536,4069631.0947800865,179.49740598048308,NS
-116.5984630668715,36.771801744955646,-264.82920380297037,535833.7442271385,4069633.2505144225,179.73595633791382,NS
-116.59846307681076,36.77182110084977,-262.1524683621774,535833.7343321168,4069635.3976554004,179.85311759992135,NS
-116.59846303750513,36.771840479443526,-259.8755241360868,535833.7288212313,4069637.547332889,179.76790236981384,NS
-116.59846303404028,36.771859774733606,-257.699341647467,535833.7201506123,4069639.687756107,179.52368537687983,NS
-116.59846313292373,36.77187909275769,-255.3229547313913,535833.702335664,4069641.8306628927,179.17574751172498,NS
-116.59846337728396,36.771898382942126,-252.6468264979576,535833.6715510659,4069643.97042697,178.74138678831636,NS
-116.59846380742331,36.77191785252314,-250.06906594586508,535833.6241037312,4069646.1300219204,178.39082052362352,NS
-116.5984643893377,36.77193744446309,-248.19019282960107,535833.5630548022,4069648.303133301,178.1109862303947,NS
-116.59846508994616,36.771957027147806,-245.81140787878576,535833.491417741,4069650.4751735684,177.8933655616424,NS
-116.59846588553113,36.77197666992991,-243.0320771140996,535833.4112768762,4069652.6538448734,177.72130248359204,NS
-116.59846675344156,36.771996288196654,-240.25297242377746,535833.3246930089,4069654.829769624,177.64823813841562,NS
-116.59846765657912,36.772015995679446,-237.8730541999048,535833.2349239297,4069657.0155779105,177.6344829715384,NS
-116.5984685658838,36.772035709180685,-235.493081212162,535833.1446017226,4069659.2020515185,177.66308163362552,NS
-116.59846946636516,36.77205549792767,-232.91242089427578,535833.0550319415,4069661.3968754304,177.72840735894627,NS
-116.59847033453104,36.77207519063148,-230.43263653545182,535832.9683907784,4069663.5810574046,177.7987215577304,NS
-116.59847117237808,36.77209487764227,-227.9529032239243,535832.8844580014,4069665.7646192103,177.86093521625384,NS
-116.59847198005788,36.77211447812781,-225.57395903098404,535832.803257695,4069667.9385940935,177.9108299520243,NS
-116.59847276929122,36.77213414821591,-223.19437873848983,535832.7236712187,4069670.1202968867,177.97319662909578,NS
-116.59847353098986,36.772153795249125,-221.21500810767066,535832.6465527428,4069672.2994525214,178.04518298008801,NS
-116.59847426406591,36.77217349843779,-219.63512384703245,535832.5719624838,4069674.4848481924,178.12190769441656,NS
-116.59847496044672,36.77219309271462,-217.6562329125827,535832.5006976742,4069676.658176044,178.18246626239895,NS
-116.5984756300472,36.77221265727357,-215.87761250161748,535832.4318366379,4069678.828217333,178.22732531228252,NS
-116.59847627700584,36.772232113940085,-214.09997654209474,535832.3650464272,4069680.9862986216,178.25602768834537,NS
-116.59847691406588,36.7722516388075,-212.22171754465126,535832.2991078646,4069683.1519491347,178.2874774482556,NS
-116.5984775379534,36.772271168621145,-210.3434129774123,535832.2343425616,4069685.318153271,178.3256319025598,NS
-116.59847814877524,36.77229079839497,-208.26419528547012,535832.1706967609,4069687.495450866,178.37109380025092,NS
-116.59847873901296,36.77231038794776,-206.28534421081895,535832.108906655,4069689.668294465,178.41577316862552,NS
-116.5984793116081,36.772330024018686,-204.60606784177253,535832.0486693701,4069691.846304923,178.45886443607714,NS
-116.59847986486474,36.772349625656815,-203.12710527691706,535831.9901739219,4069694.020503005,178.50158872040183,NS
-116.59848040322964,36.77236934766875,-201.1470431373982,535831.9329514327,4069696.2080597086,178.52733800775928,NS
-116.59848093160788,36.772389108412696,-199.46662703330549,535831.8766021605,4069698.399916692,178.52181999928257,NS
-116.59848146499534,36.77240896753297,-198.58531282359218,535831.8197600999,4069700.6026846697,178.4880656594737,NS
-116.5984820106149,36.77242874264333,-197.40476607205528,535831.7618655459,4069702.796128876,178.42623787491655,NS
-116.59848258216432,36.77244849668544,-196.02441248980358,535831.7016668088,4069704.9872262874,178.34067632394644,NS
-116.59848318712427,36.77246814421612,-194.94503247666034,535831.6385360684,4069707.1664959067,178.28093064095282,NS
-116.59848381913405,36.77248784056391,-193.66520755471902,535831.5729686769,4069709.351170678,178.25894380516397,NS
-116.59848446017706,36.772507525590726,-191.98548628053868,535831.5066004432,4069711.5345862433,178.29349292379132,NS
-116.59848508889748,36.772527287368895,-190.0050638210978,535831.4412961971,4069713.7265204373,178.40371040037496,NS
-116.59848566782318,36.77254696375528,-188.0254195260295,535831.3804754455,4069715.909000791,178.54317759592908,NS
-116.59848618732671,36.77256664557667,-186.24572377293407,535831.3249550809,4069718.092106303,178.6888167307152,NS
-116.59848664256208,36.77258623891368,-185.16683397639463,535831.2752112679,4069720.26542033,178.81149406173532,NS
-116.5984870468704,36.77260589235933,-184.487393766869,535831.2299842762,4069722.445421269,178.88438396357415,NS
-116.59848741959706,36.77262551974327,-182.70819054913045,535831.1875878039,4069724.6225430192,178.88132591754737,NS
-116.59848779475487,36.77264520634824,-180.7284466672736,535831.1449468252,4069726.8062332426,178.83073255146806,NS
-116.59848818956588,36.77266479565876,-178.54959177169258,535831.1005972701,4069728.979123262,178.74209915275515,NS
-116.59848862191416,36.77268437852534,-176.9707968707462,535831.0529008697,4069731.1512844125,178.5996128309211,NS
-116.59848911344432,36.772703906729895,-175.3925029037655,535830.9999484826,4069733.317359767,178.44807334195838,NS
-116.59848967200672,36.77272353331742,-173.21331268170798,535830.9409683142,4069735.4943236336,178.2942337786304,NS
-116.59849029726756,36.772743196213774,-170.83379298397813,535830.8760190501,4069737.675290267,178.15804626988853,NS
-116.59849098476028,36.77276297689817,-168.3531996982656,535830.8054613774,4069739.869299812,178.0544993675554,NS
-116.59849171553336,36.772782725328526,-165.9729022524716,535830.7310563663,4069742.059715227,178.02061562502715,NS
-116.59849246197872,36.77280250400474,-163.8923291186602,535830.6552387065,4069744.253479949,178.03201518081366,NS
-116.59849320181668,36.77282223702685,-161.6121726412839,535830.5800319702,4069746.4421827532,178.0954074238688,NS
-116.59849391856514,36.77284208282171,-159.23098574063079,535830.5068333037,4069748.643404066,178.2166265688317,NS
-116.59849458414868,36.77286196049696,-157.14950616773604,535830.4381858231,4069750.848181024,178.3297500003315,NS
-116.59849520479284,36.77288196314256,-155.26688412367548,535830.3734906311,4069753.0668377494,178.41305151360157,NS
-116.59849578779588,36.77290191546097,-153.28472044917908,535830.3121779985,4069755.2799257883,178.44933361391887,NS
-116.59849635574952,36.77292189113904,-151.00234301658384,535830.2521975366,4069757.495610753,178.41094518141563,NS
-116.59849693887033,36.77294181629164,-148.92042739141652,535830.1908870823,4069759.7056852663,178.30220134902197,NS
-116.59849757222014,36.7729618423972,-147.43759152698658,535830.1250472079,4069761.926939673,178.14601363917626,NS
-116.5984982743884,36.77298189450322,-145.554520376254,535830.053053865,4069764.1510525495,177.97060340125728,NS
-116.59849905703216,36.77300205216459,-143.3704878945664,535829.9738297567,4069766.3868445377,177.80984249654517,NS
-116.5984999075079,36.77302214961527,-141.1870072774418,535829.888580339,4069768.61593198,177.7521902735298,NS
-116.59850078237676,36.773042229284016,-139.20368977540966,535829.8011623828,4069770.8430377534,177.77501016798666,NS
-116.59850164287008,36.77306220627503,-137.8213093648028,535829.7150751224,4069773.0587588972,177.85627688255457,NS
-116.59850246980696,36.77308222454428,-136.53855101399859,535829.6319632776,4069775.279071599,177.99910840106398,NS
-116.59850323210767,36.77310217630208,-135.15639797712538,535829.5546505747,4069777.4920304026,178.13677528676922,NS
-116.59850393601764,36.773122163584624,-133.97391876890651,535829.482532183,4069779.708951829,178.24234349235903,NS
-116.59850458978389,36.773142019292585,-132.99263940288256,535829.4149498898,4069781.9112964943,178.28736859165383,NS
-116.5985052224763,36.773161822877576,-131.41183531417664,535829.3492725122,4069784.1078670635,178.26885961361995,NS
-116.59850585855408,36.77318148511864,-129.33232191916795,535829.2833588242,4069786.288757126,178.23179345837445,NS
-116.5985065107375,36.77320115588872,-127.25273114277843,535829.2160039225,4069788.4705872866,178.21422907419287,NS
-116.59850716822568,36.77322076115687,-125.97373861762935,535829.1482061255,4069790.6451493534,178.22208987213594,NS
-116.59850782322532,36.77324039211268,-124.79451146496467,535829.0806184807,4069792.822561886,178.25107044982468,NS
-116.59850846222348,36.77325991156401,-122.31630194932404,535829.014510727,4069794.98761125,178.29014858167977,NS
-116.59850908500584,36.7732794418012,-119.63799344952167,535828.9498450765,4069797.153863162,178.3530279121764,NS
-116.59850968010464,36.77329893848341,-116.95999048149861,535828.8876655512,4069799.3164031995,178.4429843281352,NS
-116.59851024156704,36.77331859040114,-114.58056904388832,535828.8284155284,4069801.4961760803,178.58193386607925,NS
-116.59851074631264,36.773338342215546,-112.30023371637253,535828.7741804505,4069803.687051717,178.72402856614764,NS
-116.59851119452745,36.77335828905814,-109.21811587277807,535828.7248994478,4069805.899582962,178.87122955020783,NS
-116.59851157930947,36.77337825077266,-105.53586028058089,535828.6812722854,4069808.1137877,179.02260351412338,NS
-116.59851189976848,36.77339829043067,-101.85289101531271,535828.6433490547,4069810.33666278,179.17799600319873,NS
-116.59851215236604,36.77341830686371,-98.4701317220115,535828.6114925974,4069812.5569869317,179.2768792127106,NS
-116.59851236331724,36.77343844727813,-94.38623908918271,535828.5832949732,4069814.7910799105,179.32663288637616,NS
-116.59851255260108,36.77345859556674,-89.80227389001993,535828.557027285,4069817.026054491,179.3349193262332,NS
-116.59851273885864,36.77347880854168,-85.317717955857,535828.5309995648,4069819.268205851,179.30673202596932,NS
-116.59851293624924,36.77349889648103,-80.53430404535357,535828.504036523,4069821.4964828803,179.26427828151625,NS
-116.59851315138216,36.7735189136165,-75.15153718075635,535828.4755231111,4069823.7168990155,179.21573095619897,NS
-116.59851338568696,36.77353876864442,-69.37025108621492,535828.4453742458,4069825.9193254244,179.1709310509294,NS
-116.59851363922984,36.773558618820616,-63.38900988451678,535828.4135108413,4069828.1212064354,179.12854528084782,NS
-116.59851390989706,36.77357838635975,-57.70852375637514,535828.3801577244,4069830.3139141337,179.09249962632612,NS
-116.59851419627512,36.77359817117291,-52.827880385413664,535828.3453945488,4069832.508532159,179.04933810862735,NS
-116.59851449934278,36.77361783660927,-48.24832753976261,535828.3091975541,4069834.689901503,178.9773186500086,NS
-116.59851483268586,36.773637475124026,-42.4690214437087,535828.2703113281,4069836.868273111,178.8432903352375,NS
-116.59851522144278,36.77365702795368,-35.990499432447905,535828.2265198682,4069839.0371189523,178.68063152277577,NS
-116.59851568060704,36.77367663995269,-29.611439323716695,535828.1764177601,4069841.212502085,178.515805996952,NS
-116.59851620978868,36.77369624664357,-23.03242983965356,535828.1200698063,4069843.3872701842,178.3973380773671,NS
-116.59851678939825,36.77371585361488,-17.053419348181706,535828.0592215733,4069845.5620505223,178.37156744796914,NS
-116.59851738234563,36.77373553923396,-10.87369114600915,535827.9971464992,4069847.745550255,178.43844740732658,NS
-116.5985179444581,36.77375514617509,-4.494680389872883,535827.937859759,4069849.9203338083,178.5550168870644,NS
-116.59851845691416,36.77377475135313,1.5843157985200378,535827.8830051752,4069852.0949403797,178.69174509135152,NS
-116.59851891132014,36.77379436209465,7.663364575613741,535827.8333283884,4069854.2701858454,178.8223049232941,NS
-116.59851931064613,36.77381399669686,13.942632918986419,535827.7885558298,4069856.4480988006,178.89213391001584,NS
-116.59851968134492,36.77383369111608,19.72244832537217,535827.7463101232,4069858.632657968,178.92573264497926,NS
-116.59852003887288,36.77385345120568,25.602863764737776,535827.7052092305,4069860.8245068756,178.92938865790754,NS
-116.59852039611428,36.77387328240537,32.18392850916098,535827.6641008313,4069863.024244125,178.89578174138566,NS
-116.598520769261,36.77389319057887,38.86569560060707,535827.6215372428,4069865.2325141164,178.83783334530577,NS
-116.59852116831227,36.77391314222193,45.74785880857053,535827.5766417314,4069867.445596488,178.76958525562728,NS
-116.59852159729432,36.77393311157797,52.13018282939993,535827.5290669869,4069869.660632559,178.7021226790612,NS
-116.59852205521744,36.773953068023765,58.012388077679134,535827.4789155826,4069871.8742256737,178.64101611737283,NS
-116.59852253848057,36.77397297805062,63.99416870117966,535827.4265244693,4069874.0826600655,178.5891159463175,NS
-116.5985230425562,36.77399282447928,69.27536797829634,535827.3723056745,4069876.2840317385,178.53489272604313,NS
-116.59852356842876,36.774012612178176,75.15603033152547,535827.3161690829,4069878.478880378,178.4946397470332,NS
-116.59852411017668,36.7740323483716,81.63622190736896,535827.2586397742,4069880.66800959,178.50418476280828,NS
-116.59852464637004,36.774052030759705,87.51592236654506,535827.2016312099,4069882.851172276,178.57922972033657,NS
-116.59852514947112,36.77407167284208,92.29525582036695,535827.1475945514,4069885.029876251,178.7267468408713,NS
-116.59852558883615,36.77409127703834,97.47424530608805,535827.0992632976,4069887.204401392,178.93953673665266,NS
-116.59852593697848,36.77411084219548,102.55288114313407,535827.0590908685,4069889.374630091,179.21744000433185,NS
-116.59852616640752,36.77413034502976,107.23095157761963,535827.0295413268,4069891.537989772,179.43079460144133,NS
-116.5985263054723,36.77414983615391,111.30891787377004,535827.0080612742,4069893.7000842867,179.5579046892626,NS
-116.5985263907536,36.77416932014188,114.98682066838774,535826.991384134,4069895.8614073275,179.5735877871738,NS
-116.59852646948433,36.77418882369354,118.46490229858864,535826.975282459,4069898.0249030236,179.48051160910612,NS
-116.59852658796076,36.77420838682565,121.54352672495406,535826.9556061844,4069900.194993096,179.35447657980848,NS
-116.59852676042428,36.77422800589451,123.52266023855009,535826.9310861258,4069902.371268017,179.22558955163848,NS
-116.59852698857172,36.77424769572016,125.60243810681823,535826.9015639639,4069904.5553711383,179.10521819839954,NS
-116.59852726918366,36.77426745868062,127.68288214220047,535826.8673258949,4069906.7475674557,178.98225502810106,NS
-116.59852760396012,36.77428730662488,129.6641004838366,535826.8282147006,4069908.9491707417,178.8896175992256,NS
-116.59852797963872,36.77430720769776,131.04580267530946,535826.7854287297,4069911.156652271,178.81470762395745,NS
-116.59852839033724,36.77432723890479,131.6286920239636,535826.7394570741,4069913.3785564518,178.76540005490995,NS
-116.5985288216505,36.77434723209836,132.4112336428425,535826.691663484,4069915.5962360995,178.73768756610167,NS
-116.59852926398372,36.774367179986655,132.99336124693036,535826.6429075826,4069917.808885923,178.7290181319445,NS
-116.59852971208896,36.7743872181435,132.97631290275422,535826.5935946053,4069920.031547067,178.72902798552897,NS
-116.59853015996892,36.774407246410526,132.95917426352935,535826.5443063485,4069922.253111227,178.7363813575031,NS
-116.59853060573768,36.77442732353919,132.64248183847485,535826.4951837721,4069924.4800963965,178.75576192734263,NS
-116.59853103989644,36.77444725533655,131.82446277287636,535826.4471649022,4069926.6909643454,178.770912933183,NS
-116.59853146591053,36.77446711296876,130.5057667678975,535826.3999073822,4069928.8936082255,178.77215379305363,NS
-116.59853188789197,36.77448680734243,129.18558019801822,535826.3530857156,4069931.078143384,178.7497450932663,NS
-116.5985323191294,36.77450648702563,127.96525920709792,535826.3054449062,4069933.261045474,178.6969969921219,NS
-116.5985327704177,36.77452605923194,126.54395624308927,535826.2560648106,4069935.4320176733,178.63695270971334,NS
-116.59853324697332,36.7745456216331,124.7225629718796,535826.2044344734,4069937.6018927395,178.55824827590178,NS
-116.59853375374416,36.77456506119229,122.80004711820038,535826.1501649505,4069939.7581296647,178.4540923148723,NS
-116.59853430434782,36.77458449663558,120.87749233267641,535826.091985779,4069941.913893611,178.3216336556532,NS
-116.59853490986931,36.77460390107228,118.95465273910486,535826.0289202627,4069944.066197453,178.23977987919955,NS
-116.59853555426947,36.774623438780615,117.23302883191172,535825.9623232774,4069946.2332705455,178.21273146043825,NS
-116.5985362128215,36.77464305626372,115.41213290086853,535825.8944263003,4069948.4091877467,178.24677769329782,NS
-116.59853686225384,36.77466283764616,113.39273379228507,535825.8272669115,4069950.6032896927,178.36320729742494,NS
-116.5985374616826,36.77468261891431,111.67333518148916,535825.7645698463,4069952.7973976866,178.50424772858938,NS
-116.59853800250984,36.77470247215901,108.65459558438124,535825.7070688239,4069954.99951197,178.63227185969535,NS
-116.59853848920513,36.77472236773374,105.53624416515049,535825.6543787781,4069957.2063421877,178.71624007223843,NS
-116.5985389383201,36.77474220488262,104.21736042655357,535825.6050695477,4069959.406705312,178.74954904751954,NS
-116.59853937488124,36.774762123524894,102.899221179714,535825.5568426986,4069961.61611319,178.73415236996064,NS
-116.59853981774144,36.774782026129465,100.8809353014276,535825.5080612085,4069963.8237396586,178.69981848349641,NS
-116.59854027659696,36.77480197938564,98.76311142329178,535825.4578287683,4069966.0369789195,178.65764850454136,NS
-116.5985407510746,36.77482182223759,96.64427897949463,535825.4062536268,4069968.2379652183,178.60352384903376,NS
-116.59854124818602,36.77484163812622,94.02519964086787,535825.3526712493,4069970.435952017,178.5467315491848,NS
-116.59854176695262,36.77486134870768,91.60515809123717,535825.2972054189,4069972.622249012,178.46497569063823,NS
-116.59854232234476,36.77488111790812,89.58565065511175,535825.2384439319,4069974.8150348975,178.36229411538721,NS
-116.59854292117532,36.77490086643141,88.2659530810397,535825.1758157136,4069977.0055108164,178.2438634012175,NS
-116.5985435727935,36.774920676115215,87.14681232872499,535825.1084483855,4069979.202751506,178.168899961163,NS
-116.59854425298784,36.77494037960219,85.2267010289197,535825.038580415,4069981.388201113,178.14294434181528,NS
-116.59854494389047,36.77496007179603,82.80648628379822,535824.967762133,4069983.572393973,178.15893825155752,NS
-116.59854562511944,36.77497968236647,80.38552654604246,535824.8978451231,4069985.747535993,178.20703545719851,NS
-116.59854628837786,36.77499936738448,78.6652471323232,535824.8294971557,4069987.930943201,178.26187297623954,NS
-116.5985469281608,36.77501905119993,77.4449574624141,535824.7632446839,4069990.114225807,178.32585142978093,NS
-116.59854754255385,36.77503879769167,76.02524086334415,535824.6992288156,4069992.3044705936,178.41327802257396,NS
-116.59854811631168,36.77505843607402,74.90453838580834,535824.6388894902,4069994.4827380423,178.54545294621678,NS
-116.59854863232742,36.775078021382015,73.38335307404304,535824.5837276739,4069996.6551395864,178.669623221154,NS
-116.598549093096,36.77509750252254,71.56121832710596,535824.5335445018,4069998.816006539,178.76158602604136,NS
-116.59854951628284,36.77511704368816,70.03963281916185,535824.4866871337,4070000.98354614,178.80826165709775,NS
-116.598549919711,36.775136586575805,68.5180636441637,535824.4415922042,4070003.1512841685,178.80892830206753,NS
-116.59855032492692,36.77515622982456,66.39741079728083,535824.3962910529,4070005.3301545745,178.7708514295616,NS
-116.59855074515724,36.775175816308725,64.57623917915589,535824.3496764769,4070007.5027224817,178.71993202610744,NS
-116.59855118736128,36.77519541736934,63.35519998014024,535824.3010942416,4070009.6768991346,178.68521990534296,NS
-116.59855164256533,36.77521494264023,61.73346835629309,535824.2513871962,4070011.842663589,178.72022404339455,NS
-116.59855208428743,36.775234527825326,60.612284215958425,535824.2028553855,4070014.015079365,178.82079857564636,NS
-116.5985524829556,36.77525409801017,60.19096443802664,535824.1581726159,4070016.1858472936,178.96852722212742,NS
-116.5985528200106,36.775273733756336,59.07024518988146,535824.1189575782,4070018.3639109973,179.1469091677812,NS
-116.59855308002771,36.775293291778816,57.448818632385155,535824.0866534131,4070020.533381671,179.36872478163946,NS
-116.59855324595858,36.77531285493953,56.127441890812406,535824.0627429162,4070022.7034575543,179.55452527738544,NS
-116.59855333285208,36.77533237897889,55.30571037377922,535824.0459037467,4070024.8692233064,179.72022757593447,NS
-116.59855334963848,36.77535200036398,54.48486986725584,535824.0352754795,4070027.0458138543,179.87084004558938,NS
-116.5985533022918,36.775371628712136,53.26409491594495,535824.0303670608,4070029.223200826,180.00188007447164,NS
-116.5985531988262,36.77539131687698,51.74386787183721,535824.0304387269,4070031.4072442674,180.06102742954718,NS
-116.59855307076596,36.77541090242347,49.922704593123854,535824.032752902,4070033.579913489,180.04486860742333,NS
-116.59855294987476,36.7754304390598,48.70109450227574,535824.0344500794,4070035.7471544347,179.93677833271337,NS
-116.59855287533514,36.77544983640014,48.578211092599304,535824.0320757573,4070037.898925959,179.66871431518317,NS
-116.5985529136708,36.775469265291406,48.25561229236155,535824.0196140271,4070040.0541551756,179.36342807282304,NS
-116.59855308005116,36.775488619225136,47.13232512110517,535823.9957607688,4070042.2010214417,179.06355875954972,NS
-116.59855337284868,36.77550800559667,46.00933024008373,535823.9606112558,4070044.3514387123,178.7965990143914,NS
-116.59855377566132,36.775527282217546,45.08532985263264,535823.9156953437,4070046.489640187,178.54508324754005,NS
-116.5985542836206,36.775546555742274,44.361297955509144,535823.8613978559,4070048.6274588536,178.37953733087022,NS
-116.59855485825688,36.77556574302145,43.536476509010754,535823.8011904293,4070050.7556853653,178.2568989749331,NS
-116.5985554872724,36.77558503130964,42.31257568594265,535823.7360833548,4070052.8950964375,178.170826457069,NS
-116.59855615351148,36.77560435375116,41.288985565812254,535823.667638678,4070055.0382822086,178.12647612331182,NS
-116.59855684267518,36.77562379799831,40.466506929295065,535823.5970916108,4070057.194971281,178.12637750851042,NS
-116.59855753044874,36.77564320184304,39.44365942780678,535823.5266874224,4070059.3471790506,178.14023522253459,NS
-116.5985582134339,36.775662635561,39.12108484259625,535823.4566966658,4070061.5027024527,178.1552330154441,NS
-116.59855888797524,36.77568200851958,38.89795573290576,535823.3874877145,4070063.6514889924,178.18316938897613,NS
-116.59855955331136,36.7757014558851,37.47550630644946,535823.3190656153,4070065.8085329356,178.23266406111134,NS
-116.59856019738008,36.7757208921128,36.352955838183334,535823.2525465686,4070067.9643493313,178.29200404441022,NS
-116.59856081830308,36.77574038780934,36.13094908482708,535823.1880653384,4070070.126771265,178.35040656345882,NS
-116.59856141160084,36.77575978844967,35.60807523907533,535823.1260935664,4070072.2786589805,178.40115644902875,NS
-116.59856198328482,36.77577918094556,34.885127693922186,535823.066054359,4070074.4296513298,178.429900448749,NS
-116.59856254125955,36.775798517677416,34.361671398508406,535823.0072644977,4070076.5744629237,178.44080967765328,NS
-116.59856309809838,36.77581797471572,33.639313639452666,535822.9485200428,4070078.7326205247,178.43265674506614,NS
-116.59856366016336,36.77583749365298,32.717520910371604,535822.889280436,4070080.8976426176,178.41583803900357,NS
-116.59856423412698,36.7758571762355,31.997222036376115,535822.8289029055,4070083.080813404,178.4089439996326,NS
-116.598564810948,36.77587685580024,31.176895520204198,535822.7682718139,4070085.2636483693,178.41502124342983,NS
-116.59856538703777,36.77589659927207,30.85715255341165,535822.7076762619,4070087.4535728167,178.4425066268485,NS
-116.59856595034618,36.77591630769494,30.337089954095063,535822.6482376141,4070089.6396140805,178.51819037350347,NS
-116.59856648355492,36.77593610068627,29.81780046519816,535822.5914456419,4070091.8350477847,178.6189292299229,NS
-116.59856697309212,36.77595587780812,29.698367420560317,535822.538558194,4070094.028737445,178.74343239594705,NS
-116.5985674082918,36.77597561428203,29.178564900166748,535822.4905385994,4070096.2179383817,178.86722734531648,NS
-116.59856779103016,36.775995379813565,27.759029317783643,535822.4471869913,4070098.4103823216,178.94836965931663,NS
-116.59856813663824,36.77601501320116,26.738288292870493,535822.4072102795,4070100.588181461,178.93116545506325,NS
-116.59856848917804,36.77603462443025,26.417344728868557,535822.3666253234,4070102.7635199744,178.84612834705885,NS
-116.5985688764245,36.77605416079224,25.99571649538666,535822.3229781005,4070104.930540508,178.72354235491807,NS
-116.5985693182518,36.776073813070695,25.47514499731733,535822.274406325,4070107.1103992127,178.58654648164756,NS
-116.59856982061956,36.776093548103646,25.55532725399644,535822.2203936175,4070109.2994152075,178.5064988778495,NS
-116.5985703613106,36.77611343146398,25.036862686223685,535822.1628920591,4070111.504870795,178.48036253650682,NS
-116.5985709129271,36.776133302026665,24.218280929146204,535822.1044215224,4070113.708902661,178.5019622932934,NS
-116.5985714564638,36.776153217896166,23.70011311154485,535822.0466509389,4070115.917963437,178.56137899972722,NS
-116.59857197251137,36.77617306439203,23.58131270082049,535821.9913657033,4070118.1193389026,178.62976715532074,NS
-116.5985724605886,36.77619297162009,23.163067689556556,535821.9385482082,4070120.3274618597,178.7057335704809,NS
-116.59857291477392,36.77621283207895,22.344396680169666,535821.8887768962,4070122.5304094087,178.78067465934095,NS
-116.59857333708824,36.7762327128119,21.62591177318791,535821.841840235,4070124.7356178975,178.84218189379212,NS
-116.598573729948,36.77625244700536,21.40608974357565,535821.7976002034,4070126.9245818187,178.86138538799526,NS
-116.59857411369823,36.776272135766085,21.185853155328005,535821.7541942289,4070129.1085093087,178.85348688099427,NS
-116.5985744985444,36.77629170861689,20.864558177125218,535821.7107444033,4070131.2795785265,178.83452817916887,NS
-116.598574892572,36.77631133767568,21.043776143631476,535821.6664491175,4070133.456879458,178.80270977777707,NS
-116.59857530018736,36.77633096833773,20.423008331197707,535821.6209405733,4070135.634353159,178.76640528572685,NS
-116.59857572532712,36.77635069445864,19.403111600664488,535821.5738238054,4070137.8224095465,178.72287574291352,NS
-116.59857616806724,36.77637037455025,19.28279404148452,535821.5251578777,4070140.005353329,178.67144312357325,NS
-116.59857663362148,36.77639009045056,18.962802744046712,535821.4744394503,4070142.192260832,178.63599507613193,NS
-116.59857711315064,36.77640975737592,18.042363833365016,535821.4224967521,4070144.373730328,178.63708827704625,NS
-116.59857759442932,36.776429515271566,17.322755506129397,535821.3703556247,4070146.5652904976,178.6469552242461,NS
-116.5985780716534,36.77644928047882,16.90321406566909,535821.3185729263,4070148.7576632677,178.65160136078967,NS
-116.59857854886424,36.77646912802192,16.68442442272317,535821.2667531194,4070150.95916955,178.63734488499605,NS
-116.5985790302941,36.776488896619774,16.764913812939994,535821.2145935735,4070153.151916879,178.59238864585348,NS
-116.59857953082836,36.776508657899335,16.5453357928036,535821.1607326404,4070155.3438452464,178.52469865237572,NS
-116.59858005803416,36.77652833099504,16.324951757449526,535821.1045326878,4070157.525981417,178.44065401571393,NS
-116.59858062316496,36.77654807515499,15.905215431745091,535821.0449153978,4070159.7159865457,178.3190232883366,NS
-116.5985812405104,36.77656782189807,15.785501083917552,535820.9806374838,4070161.906258682,178.19546445792284,NS
-116.598581913131,36.776587636460725,15.36640428449573,535820.9113954839,4070164.1040333514,178.0746648641662,NS
-116.59858263480533,36.77660737116657,14.946576813452339,535820.8378132952,4070166.292931165,177.97576070666386,NS
-116.59858339888044,36.77662710623287,14.526751327755846,535820.7604472785,4070168.481853098,177.90285588393445,NS
-116.59858419423064,36.77664684197116,14.206931014972724,535820.680290106,4070170.6708378773,177.88123220727488,NS
-116.5985849950868,36.77666648540229,13.886267689716988,535820.5996845863,4070172.8495809827,177.90596810440016,NS
-116.59858578799324,36.77668619353878,13.566195425481055,535820.5197583954,4070175.0355048287,177.97081235918446,NS
-116.59858655250444,36.77670588517465,13.34597337197738,535820.4423737966,4070177.2196089,178.10090708355574,NS
-116.59858726332844,36.77672563080679,13.226246005249777,535820.3697549446,4070179.4097228707,178.26420860255934,NS
-116.59858790182652,36.77674530514485,13.005869891667317,535820.3036233804,4070181.591955282,178.45237171431413,NS
-116.5985884603632,36.77676499378433,12.68562682636366,535820.2446206333,4070183.775804083,178.6407292140369,NS
-116.59858893705048,36.776784626708334,12.564877553419137,535820.1929477523,4070185.9535030187,178.84275083972832,NS
-116.59858932939228,36.77680434683769,12.644927139239371,535820.1487609734,4070188.140907209,178.99960072957506,NS
-116.59858965483572,36.776824080591375,12.325103188593857,535820.1105376149,4070190.329847791,179.1358753248843,NS
-116.59858992276008,36.77684387605552,11.80584447997353,535820.0774183264,4070192.5256554424,179.24697520972742,NS
-116.59859014168283,36.77686355636995,11.185535866379723,535820.0487253355,4070194.708707904,179.32664947343946,NS
-116.59859032595608,36.77688316993552,10.764618846353187,535820.0231553906,4070196.884368897,179.341584911408,NS
-116.59859050325193,36.776902714993646,11.043076510270112,535819.9982399612,4070199.0524329892,179.30076554444224,NS
-116.5985906963039,36.77692210391417,11.120108019384134,535819.9719911745,4070201.2031708704,179.21658988363444,NS
-116.59859092479142,36.776941494768415,10.79715609381492,535819.942579366,4070203.3541100025,179.0899392801948,NS
-116.59859120578076,36.7769608314315,10.273707739490419,535819.9085077334,4070205.4990180717,178.95843448205082,NS
-116.59859154277564,36.776980215578696,9.950691230891607,535819.8694163107,4070207.6491725915,178.81388040178487,NS
-116.59859193925504,36.77699953520232,9.82708373461901,535819.8250467699,4070209.792147261,178.67218915960768,NS
-116.5985923962198,36.777018900357646,9.70389011896441,535819.7752585968,4070211.9401501245,178.5164524024021,NS
-116.59859292119216,36.777038359926365,9.58155648373031,535819.719357793,4070214.0986008034,178.3876319744445,NS
-116.59859350279244,36.777057893758126,9.559899189784119,535819.6583692197,4070216.265268284,178.27394347235037,NS
-116.59859413499711,36.7770775017627,9.73891759842627,535819.5928304334,4070218.440144807,178.18482830410846,NS
-116.59859480703317,36.777097165138485,9.71844036737275,535819.5237115268,4070220.621148752,178.14561747995344,NS
-116.59859549685147,36.77711685822565,9.198233879351392,535819.4529920076,4070222.8054419267,178.18920174882862,NS
-116.59859616799264,36.777136550113184,8.878017013781573,535819.3839397432,4070224.9896090254,178.2712555675027,NS
-116.59859680362726,36.777156228844746,8.757681117391257,535819.3180620767,4070227.172330031,178.35877849326522,NS
-116.59859740117582,36.77717588474784,8.737137951486147,535819.2555936904,4070229.3525329405,178.46433710089377,NS
-116.59859795245865,36.77719549709518,8.916198510391041,535819.1972741464,4070231.5279215425,178.56682981669002,NS
-116.5985984593086,36.77721507853219,8.594978200801052,535819.1429339986,4070233.699897902,178.68814358191779,NS
-116.59859891376156,36.77723462395713,8.273430685052517,535819.0932863044,4070235.867899067,178.81948516346745,NS
-116.59859931195864,36.77725414284264,7.8516425754478405,535819.0486709991,4070238.032977281,178.9321564162793,NS
-116.5985996622146,36.77727364976708,7.42974672875971,535819.0083393242,4070240.1967466082,178.96482097158847,NS
-116.5985999988585,36.77729316917,7.407965240976409,535818.9692165342,4070242.3619052707,178.9440409578965,NS
-116.5986003444524,36.777312696923154,7.1862597230338,535818.9292912118,4070244.5279868827,178.89153608848525,NS
-116.598600712388,36.777332229526245,6.864597801291893,535818.8873699729,4070246.69459814,178.82170348391975,NS
-116.59860110982753,36.77735175732443,6.442891098418841,535818.8428181866,4070248.860665357,178.76993909781905,NS
-116.59860152854432,36.777371254352346,6.120902781583936,535818.7963820446,4070251.0233112737,178.72534435588378,NS
-116.59860196522992,36.77739071121123,6.598547133949978,535818.7483611534,4070253.181494526,178.6932869429652,NS
-116.5986024143226,36.777410119214046,6.9757450070228515,535818.6992558587,4070255.3342535463,178.68138000497555,NS
-116.59860286715067,36.77742947249424,7.152443101023891,535818.6498427147,4070257.480940802,178.69281638008792,NS
-116.59860331435368,36.7774487902906,6.728817371016703,535818.6009480505,4070259.623693952,178.71241262318838,NS
-116.59860375306648,36.77746809601848,5.605081707702993,535818.5528166433,4070261.765111533,178.72262800648897,NS
-116.5986041877628,36.7774874134611,5.281453134315598,535818.5050382148,4070263.907830139,178.7062115442371,NS
-116.5986046303488,36.77750677494605,5.858226462651146,535818.4565352692,4070266.055431409,178.68514974104372,NS
-116.59860508305508,36.77752619087601,6.035496609378242,535818.4071039241,4070268.209068475,178.6896747412612,NS
-116.5986055352778,36.77754566810008,6.013326439524462,535818.3576872252,4070270.3695050776,178.73115744978733,NS
-116.59860597311946,36.777565286679575,5.892447409371016,535818.3094880673,4070272.5456276066,178.8192106174366,NS
-116.5986063731348,36.77758488883292,5.371419560555296,535818.2646720078,4070274.719942152,178.91313280022914,NS
-116.5986067343028,36.77760455126315,5.150943288817871,535818.2232944629,4070276.9009577516,178.99636458324434,NS
-116.59860705933087,36.777624175903576,4.930123077740063,535818.1851594672,4070279.0777948676,179.05272426783762,NS
-116.59860736194253,36.77764390384921,4.910246823024863,535818.1489767453,4070281.266100013,179.0651093058269,NS
-116.59860765933098,36.777663637011614,5.09041836349752,535818.1132576991,4070283.454985818,179.03946191237927,NS
-116.59860796870193,36.77768343416634,5.171173840140909,535818.0764396286,4070285.650965804,178.991321463015,NS
-116.59860829708136,36.77770313097831,5.051012516260016,535818.0379720343,4070287.835807673,178.93815198761445,NS
-116.59860864776532,36.777722804112045,4.730634303186889,535817.9975251217,4070290.018014578,178.87951608027706,NS
-116.59860902148948,36.777742372860025,4.509302249620305,535817.9550707983,4070292.1886333707,178.83862186491962,NS
-116.5986094133792,36.777761981561866,4.388334449866306,535817.9109768935,4070294.3636774463,178.81290765055545,NS
-116.59860981525082,36.77778154348282,4.466939193369399,535817.8660140339,4070296.5335283936,178.80444513426858,NS
-116.59861021947388,36.777801045509456,4.64499697868996,535817.8208692273,4070298.696734401,178.81895420190645,NS
-116.59861061739416,36.7778205395953,4.122982452512588,535817.7762905585,4070300.859061903,178.8530274564285,NS
-116.59861099788084,36.777839880244464,3.699567455374563,535817.7333389792,4070303.0043752254,178.8962539191355,NS
-116.5986113590442,36.777859157899165,3.2755778607297543,535817.6921410369,4070305.142707821,178.94210814845408,NS
-116.5986116988586,36.77787831345504,3.350474057135216,535817.6529049875,4070307.2675040048,179.0063805473087,NS
-116.59861201273053,36.77789751640656,3.6258038165015023,535817.6159618698,4070309.397567501,179.06837521152013,NS
-116.59861230074029,36.777916717439126,3.701116851412735,535817.5813274593,4070311.5274278135,179.12461550583916,NS
-116.5986125663278,36.77793599179461,3.4771000788514357,535817.5486597861,4070313.665430227,179.16535015265262,NS
-116.5986128137696,36.77795518014448,3.1522985608517047,535817.5176513646,4070315.7938988474,179.17224825638633,NS
-116.59861305811113,36.77797435058894,3.0273336470181675,535817.4869279335,4070317.9203823893,179.1362538134914,NS
-116.59861331604772,36.77799341916015,2.9014381248252903,535817.4550387599,4070320.0355600636,179.07024686444427,NS
-116.59861360197137,36.778012532838645,2.5759536091336486,535817.4206311883,4070322.155731015,178.97477388114882,NS
-116.59861392687772,36.77803161029883,2.350137188876033,535817.3827618682,4070324.2718696906,178.82130910530455,NS
-116.59861431612032,36.778050727054,2.8246775838542817,535817.3391332523,4070326.392343279,178.65941709494896,NS
-116.5986147691745,36.77806970316991,3.297931856401192,535817.2898758877,4070328.4971918957,178.5089654827837,NS
-116.59861528287274,36.778088630434524,3.270738206918395,535817.2352297176,4070330.5965987537,178.37440751200043,NS
-116.59861584861612,36.77810744986374,3.142558324716447,535817.1759895157,4070332.68402397,178.21709855246556,NS
-116.59861648138936,36.778126351601365,2.815127924650369,535817.1107296587,4070334.7805545684,178.05365033226454,NS
-116.59861718202065,36.77814527421504,2.1878860508204525,535817.0394048311,4070336.879375553,177.87146252303708,NS
-116.59861796293428,36.778164328828346,2.061846974092987,535816.9608546586,4070338.9928091983,177.70161229266878,NS
-116.59861881390364,36.77818337789496,1.9357550938202621,535816.8760557098,4070341.1056013387,177.58393483229594,NS
-116.59861971711868,36.7782025019692,1.8103464884316054,535816.7865597806,4070343.2266945164,177.58449410293804,NS
-116.59862061791496,36.77822157973048,1.9845150812743668,535816.6973012714,4070345.342651118,177.6762393044896,NS
-116.5986214848238,36.77824074904109,2.1595206424808566,535816.6110241303,4070347.4687759634,177.83786096884427,NS
-116.5986222841165,36.77825991082169,2.334459532108667,535816.5307842111,4070349.5940908226,178.10287677019755,NS
-116.5986229736076,36.77827908610179,2.609525067053255,535816.46033612,4070351.720944283,178.37311088343077,NS
-116.5986235466799,36.77829813139709,2.4834073161528067,535816.400337091,4070353.8334221235,178.6487071854483,NS
-116.5986240036964,36.7783170887652,1.956490290545844,535816.3507351546,4070355.936189657,178.9136331711391,NS
-116.59862434861276,36.77833587721916,1.828034387790467,535816.3112150028,4070358.020261527,179.18179919208185,NS
-116.59862458374003,36.77835462939806,1.9992506452890666,535816.2815086929,4070360.1003505057,179.360442226866,NS
-116.59862474568295,36.77837332429623,1.6699461358421104,535816.2583595909,4070362.1741127395,179.48836838433127,NS
-116.59862485576616,36.778392024496746,1.7406916394083964,535816.239835689,4070364.2484825756,179.56960952063136,NS
-116.59862493227048,36.77841057530446,2.010074093419462,535816.224377681,4070366.3062928612,179.5941642094637,NS
-116.59862499853811,36.77842902767668,1.5785580626525189,535816.209878934,4070368.353187546,179.55507083510952,NS
-116.59862507970657,36.778447310965376,0.7454976956196333,535816.1941291958,4070370.381320246,179.44878446145435,NS
-116.59862520292064,36.77846557679648,0.3122766309152212,535816.1746356731,4070372.4075006465,179.2762881111831,NS
-116.598625394471,36.77848383986312,0.4790282195517648,535816.1490455093,4070374.433348815,179.0197437431187,NS
-116.598625686041,36.778502000300335,0.644839632403091,535816.1145779366,4070376.4477748834,178.7613701467576,NS
-116.59862607913112,36.77852014648818,0.31051780931557005,535816.071057946,4070378.4605822815,178.50097742865165,NS
-116.59862657402564,36.77853826500224,-0.2240598350417713,535816.0184664214,4070380.4702817327,178.2503321842491,NS
-116.59862717271012,36.7785565422685,-0.3571911324197572,535815.9565394557,4070382.497552707,177.96885779341255,NS
-116.59862788951342,36.7785749843198,-0.2888214389113273,535815.8839956202,4070384.543059068,177.7093168910925,NS
-116.59862871665104,36.77859356941147,-0.3191490626140876,535815.8015396864,4070386.6043915898,177.44465897307276,NS
-116.59862966271255,36.778612394244576,-0.04729130424129835,535815.7083601868,4070388.692274098,177.18922744355686,NS
-116.5986307179675,36.77863130284402,0.12532794967955851,535815.6053979879,4070390.789407938,176.92735655043558,NS
-116.59863189113916,36.77865037798437,-0.10053576692189381,535815.4918361708,4070392.9049720154,176.74140450272174,NS
-116.59863314204756,36.77866946190033,-0.5263217488191003,535815.3713335657,4070395.021480484,176.56872035874395,NS
-116.59863447414484,36.77868868254807,-0.5508617524337751,535815.2435225932,4070397.153126216,176.34783843632155,NS
-116.59863589873484,36.77870790416376,-0.07539576658928127,535815.1074577419,4070399.284844714,175.95303232164247,NS
-116.5986374880443,36.7787271186448,3.456079866737127e-11,535814.9566977178,4070401.4157101256,175.4261189553968,NS
